Workbook

Sheet Instructions
A1: Condition Account Template
A3: This workbook calculates SEEA EA coral reef condition accounts from
A4: site-level indicator values. It has four working sheets:
A6: 1. Reference_Levels -- edit reference level values for each indicator
A7: 2. Site_Data -- paste your site-level indicator values here
A8: 3. Calculations -- intermediate statistics (do not edit)
A9: 4. Condition_Account -- the final account table with formulas
A11: HOW TO USE
A13: Step 1. Open the Site_Data sheet. Delete the example data rows (keep the
A14: header row). Paste your site-level indicator values. The columns must be:
A15: Year, Site, Geographic_Unit, Live_Coral_Cover, Fleshy_Macroalgae_Cover,
A16: Recruit_Density, Coral_Diversity_H, Reef_Relief.
... A39: Requires Excel 2016 or later.

Sheet Reference_Levels
A1: Indicator | B1: Reference Level | C1: Unit | D1: Direction
A2: Live Coral Cover | B2: 50 | C2: % | D2: Higher is better
A3: Fleshy Macroalgae Cover | B3: 50 | C3: % | D3: Higher is worse
A4: Coral Recruit Density | B4: 15 | C4: per m2 | D4: Higher is better
A5: Coral Diversity (Shannon H') | B5: 2 | C5: index | D5: Higher is better
A6: Reef Relief | B6: 150 | C6: cm | D6: Higher is better

Sheet Site_Data
A1: Year | B1: Site | C1: Geographic_Unit | D1: Live_Coral_Cover | E1: Fleshy_Macroalgae_Cover | F1: Recruit_Density | G1: Coral_Diversity_H | H1: Reef_Relief
A2: 2023 | B2: BZHCCD01 | C2: Ambergris Caye (Pilot) | D2: 8.55 | E2: 28.63 | F2: 0.32 | H2: 45.5
A3: 2023 | B3: BZHCCD02 | C3: Ambergris Caye (Pilot) | D3: 6.17 | E3: 32.5 | F3: 0.2 | H3: 38
A4: 2023 | B4: BZ1231 | C4: Ambergris Caye (Pilot) | D4: 11.33 | E4: 30.1 | F4: 0.28 | H4: 62.3
A5: 2023 | B5: BZ1077 | C5: Ambergris Caye (Pilot) | D5: 5.83 | E5: 38.45 | F5: 0.18 | H5: 35.8
A6: 2023 | B6: BZ1079 | C6: Ambergris Caye (Pilot) | D6: 3.5 | E6: 42.3
A7: 2023 | B7: MXRCK | C7: Ambergris Caye (Pilot) | D7: 14.5 | E7: 25.8 | F7: 0.35 | H7: 55.1
A8: 2023 | B8: BZ1081 | C8: Ambergris Caye (Pilot) | D8: 6.28 | E8: 41.62 | F8: 0.17 | H8: 46.62
A9: 2025 | B9: BZHCCD01 | C9: Ambergris Caye (Pilot) | D9: 2.1 | E9: 40.15 | F9: 0.28 | G9: 1.12 | H9: 52.3
A10: 2025 | B10: BZHCCD02 | C10: Ambergris Caye (Pilot) | D10: 1.5 | E10: 28.3 | F10: 0.15 | G10: 0.95 | H10: 40.1
A11: 2025 | B11: BZ1231 | C11: Ambergris Caye (Pilot) | D11: 5.8 | E11: 32.5 | F11: 0.3 | G11: 1.18 | H11: 58.5
A12: 2025 | B12: BZ1077 | C12: Ambergris Caye (Pilot) | D12: 3.25 | E12: 45.2 | F12: 0.2 | G12: 0.88 | H12: 42.8
A13: 2025 | B13: BZ1079 | C13: Ambergris Caye (Pilot) | D13: 4.5 | E13: 36 | F13: 0.22 | G13: 1.17 | H13: 54.4

Sheet Calculations
A1: Indicator | B1: Period | C1: Data Col | D1: N | E1: Mean | F1: Sum of Squares | G1: Variance | H1: SD | I1: SE
A2: Live Coral Cover | B2: Opening | C2: D | D2: =COUNTIFS(Site_Data!$A$2:$A$500,Condition_Account!$B$2,Site_Data!$C$2:$C$500,Condition_Account!$B$4,Site_Data!D$2:D$500,"<>") | E2: =IFERROR(AVERAGEIFS(Site_Data!D$2:D$500,Site_Data!$A$2:$A$500,Condition_Account!$B$2,Site_Data!$C$2:$C$500,Condition_Account!$B$4),"") | F2: =SUMPRODUCT((Site_Data!$A$2:$A$500=Condition_Account!$B$2)*(Site_Data!$C$2:$C$500=Condition_Account!$B$4)*(ISNUMBER(Site_Data!D$2:D$500))*(Site_Data!D$2:D$500)^2) | G2: =IFERROR((F2-D2*E2^2)/(D2-1),"") | H2: =IFERROR(SQRT(G2),"") | I2: =IFERROR(H2/SQRT(D2),"")
A3: Live Coral Cover | B3: Closing | C3: D | D3: =COUNTIFS(Site_Data!$A$2:$A$500,Condition_Account!$B$3,Site_Data!$C$2:$C$500,Condition_Account!$B$4,Site_Data!D$2:D$500,"<>") | E3: =IFERROR(AVERAGEIFS(Site_Data!D$2:D$500,Site_Data!$A$2:$A$500,Condition_Account!$B$3,Site_Data!$C$2:$C$500,Condition_Account!$B$4),"") | F3: =SUMPRODUCT((Site_Data!$A$2:$A$500=Condition_Account!$B$3)*(Site_Data!$C$2:$C$500=Condition_Account!$B$4)*(ISNUMBER(Site_Data!D$2:D$500))*(Site_Data!D$2:D$500)^2) | G3: =IFERROR((F3-D3*E3^2)/(D3-1),"") | H3: =IFERROR(SQRT(G3),"") | I3: =IFERROR(H3/SQRT(D3),"")
A4: Fleshy Macroalgae Cover | B4: Opening | C4: E | D4: =COUNTIFS(Site_Data!$A$2:$A$500,Condition_Account!$B$2,Site_Data!$C$2:$C$500,Condition_Account!$B$4,Site_Data!E$2:E$500,"<>") | E4: =IFERROR(AVERAGEIFS(Site_Data!E$2:E$500,Site_Data!$A$2:$A$500,Condition_Account!$B$2,Site_Data!$C$2:$C$500,Condition_Account!$B$4),"") | F4: =SUMPRODUCT((Site_Data!$A$2:$A$500=Condition_Account!$B$2)*(Site_Data!$C$2:$C$500=Condition_Account!$B$4)*(ISNUMBER(Site_Data!E$2:E$500))*(Site_Data!E$2:E$500)^2) | G4: =IFERROR((F4-D4*E4^2)/(D4-1),"") | H4: =IFERROR(SQRT(G4),"") | I4: =IFERROR(H4/SQRT(D4),"")
A5: Fleshy Macroalgae Cover | B5: Closing | C5: E | D5: =COUNTIFS(Site_Data!$A$2:$A$500,Condition_Account!$B$3,Site_Data!$C$2:$C$500,Condition_Account!$B$4,Site_Data!E$2:E$500,"<>") | E5: =IFERROR(AVERAGEIFS(Site_Data!E$2:E$500,Site_Data!$A$2:$A$500,Condition_Account!$B$3,Site_Data!$C$2:$C$500,Condition_Account!$B$4),"") | F5: =SUMPRODUCT((Site_Data!$A$2:$A$500=Condition_Account!$B$3)*(Site_Data!$C$2:$C$500=Condition_Account!$B$4)*(ISNUMBER(Site_Data!E$2:E$500))*(Site_Data!E$2:E$500)^2) | G5: =IFERROR((F5-D5*E5^2)/(D5-1),"") | H5: =IFERROR(SQRT(G5),"") | I5: =IFERROR(H5/SQRT(D5),"")
A6: Coral Recruit Density | B6: Opening | C6: F | D6: =COUNTIFS(Site_Data!$A$2:$A$500,Condition_Account!$B$2,Site_Data!$C$2:$C$500,Condition_Account!$B$4,Site_Data!F$2:F$500,"<>") | E6: =IFERROR(AVERAGEIFS(Site_Data!F$2:F$500,Site_Data!$A$2:$A$500,Condition_Account!$B$2,Site_Data!$C$2:$C$500,Condition_Account!$B$4),"") | F6: =SUMPRODUCT((Site_Data!$A$2:$A$500=Condition_Account!$B$2)*(Site_Data!$C$2:$C$500=Condition_Account!$B$4)*(ISNUMBER(Site_Data!F$2:F$500))*(Site_Data!F$2:F$500)^2) | G6: =IFERROR((F6-D6*E6^2)/(D6-1),"") | H6: =IFERROR(SQRT(G6),"") | I6: =IFERROR(H6/SQRT(D6),"")
A7: Coral Recruit Density | B7: Closing | C7: F | D7: =COUNTIFS(Site_Data!$A$2:$A$500,Condition_Account!$B$3,Site_Data!$C$2:$C$500,Condition_Account!$B$4,Site_Data!F$2:F$500,"<>") | E7: =IFERROR(AVERAGEIFS(Site_Data!F$2:F$500,Site_Data!$A$2:$A$500,Condition_Account!$B$3,Site_Data!$C$2:$C$500,Condition_Account!$B$4),"") | F7: =SUMPRODUCT((Site_Data!$A$2:$A$500=Condition_Account!$B$3)*(Site_Data!$C$2:$C$500=Condition_Account!$B$4)*(ISNUMBER(Site_Data!F$2:F$500))*(Site_Data!F$2:F$500)^2) | G7: =IFERROR((F7-D7*E7^2)/(D7-1),"") | H7: =IFERROR(SQRT(G7),"") | I7: =IFERROR(H7/SQRT(D7),"")
A8: Coral Diversity (Shannon H') | B8: Opening | C8: G | D8: =COUNTIFS(Site_Data!$A$2:$A$500,Condition_Account!$B$2,Site_Data!$C$2:$C$500,Condition_Account!$B$4,Site_Data!G$2:G$500,"<>") | E8: =IFERROR(AVERAGEIFS(Site_Data!G$2:G$500,Site_Data!$A$2:$A$500,Condition_Account!$B$2,Site_Data!$C$2:$C$500,Condition_Account!$B$4),"") | F8: =SUMPRODUCT((Site_Data!$A$2:$A$500=Condition_Account!$B$2)*(Site_Data!$C$2:$C$500=Condition_Account!$B$4)*(ISNUMBER(Site_Data!G$2:G$500))*(Site_Data!G$2:G$500)^2) | G8: =IFERROR((F8-D8*E8^2)/(D8-1),"") | H8: =IFERROR(SQRT(G8),"") | I8: =IFERROR(H8/SQRT(D8),"")
A9: Coral Diversity (Shannon H') | B9: Closing | C9: G | D9: =COUNTIFS(Site_Data!$A$2:$A$500,Condition_Account!$B$3,Site_Data!$C$2:$C$500,Condition_Account!$B$4,Site_Data!G$2:G$500,"<>") | E9: =IFERROR(AVERAGEIFS(Site_Data!G$2:G$500,Site_Data!$A$2:$A$500,Condition_Account!$B$3,Site_Data!$C$2:$C$500,Condition_Account!$B$4),"") | F9: =SUMPRODUCT((Site_Data!$A$2:$A$500=Condition_Account!$B$3)*(Site_Data!$C$2:$C$500=Condition_Account!$B$4)*(ISNUMBER(Site_Data!G$2:G$500))*(Site_Data!G$2:G$500)^2) | G9: =IFERROR((F9-D9*E9^2)/(D9-1),"") | H9: =IFERROR(SQRT(G9),"") | I9: =IFERROR(H9/SQRT(D9),"")
A10: Reef Relief | B10: Opening | C10: H | D10: =COUNTIFS(Site_Data!$A$2:$A$500,Condition_Account!$B$2,Site_Data!$C$2:$C$500,Condition_Account!$B$4,Site_Data!H$2:H$500,"<>") | E10: =IFERROR(AVERAGEIFS(Site_Data!H$2:H$500,Site_Data!$A$2:$A$500,Condition_Account!$B$2,Site_Data!$C$2:$C$500,Condition_Account!$B$4),"") | F10: =SUMPRODUCT((Site_Data!$A$2:$A$500=Condition_Account!$B$2)*(Site_Data!$C$2:$C$500=Condition_Account!$B$4)*(ISNUMBER(Site_Data!H$2:H$500))*(Site_Data!H$2:H$500)^2) | G10: =IFERROR((F10-D10*E10^2)/(D10-1),"") | H10: =IFERROR(SQRT(G10),"") | I10: =IFERROR(H10/SQRT(D10),"")
A11: Reef Relief | B11: Closing | C11: H | D11: =COUNTIFS(Site_Data!$A$2:$A$500,Condition_Account!$B$3,Site_Data!$C$2:$C$500,Condition_Account!$B$4,Site_Data!H$2:H$500,"<>") | E11: =IFERROR(AVERAGEIFS(Site_Data!H$2:H$500,Site_Data!$A$2:$A$500,Condition_Account!$B$3,Site_Data!$C$2:$C$500,Condition_Account!$B$4),"") | F11: =SUMPRODUCT((Site_Data!$A$2:$A$500=Condition_Account!$B$3)*(Site_Data!$C$2:$C$500=Condition_Account!$B$4)*(ISNUMBER(Site_Data!H$2:H$500))*(Site_Data!H$2:H$500)^2) | G11: =IFERROR((F11-D11*E11^2)/(D11-1),"") | H11: =IFERROR(SQRT(G11),"") | I11: =IFERROR(H11/SQRT(D11),"")

Sheet Condition_Account
A1: Condition Account Settings
A2: Opening Year | B2: 2023
A3: Closing Year | B3: 2025
A4: Geographic Unit | B4: Ambergris Caye (Pilot)
A6: Indicator | B6: Unit | C6: Reference Level | D6: Opening Value | E6: Opening SE | F6: Opening N | G6: Opening CI | H6: Closing Value | I6: Closing SE | J6: Closing N | K6: Closing CI | L6: CI Change | M6: Pct Change (%) | N6: Interpretation | O6: N Sites | P6: Data Quality
A7: Live Coral Cover | B7: % | C7: =Reference_Levels!B2 | D7: =IFERROR(IF(Calculations!D2=0,"",Calculations!E2),"") | E7: =IFERROR(IF(Calculations!D2<=1,"",Calculations!I2),"") | F7: =Calculations!D2 | G7: =IFERROR(IF(D7="","",MIN(D7/C7,1)),"") | H7: =IFERROR(IF(Calculations!D3=0,"",Calculations!E3),"") | I7: =IFERROR(IF(Calculations!D3<=1,"",Calculations!I3),"") | J7: =Calculations!D3 | K7: =IFERROR(IF(H7="","",MIN(H7/C7,1)),"") | L7: =IFERROR(IF(OR(G7="",K7=""),"",K7-G7),"") | M7: =IFERROR(IF(OR(G7="",K7="",G7=0),"",(K7-G7)/G7*100),"") | N7: =IF(AND(ISNUMBER(G7),ISNUMBER(K7)),IF(AND(ISNUMBER(E7),ISNUMBER(I7),C7<>0),IF(ABS(L7)<=(E7/C7+I7/C7)/2,"Stable",IF(L7>0,"Improving","Declining")),IF(L7>0,"Improving",IF(L7<0,"Declining","Stable"))),IF(AND(ISNUMBER(G7),NOT(ISNUMBER(K7))),"Opening only",IF(AND(NOT(ISNUMBER(G7)),ISNUMBER(K7)),"Closing only","Insufficient data"))) | O7: =F7&"/"&J7 | P7: =IF(OR(F7=0,J7=0),IF(MAX(F7,J7)>=5,"Good (one period)",IF(MAX(F7,J7)>=3,"Moderate (one period)","Limited (one period)")),IF(MIN(F7,J7)>=5,"Good",IF(MIN(F7,J7)>=3,"Moderate","Limited")))
A8: Fleshy Macroalgae Cover | B8: % | C8: =Reference_Levels!B3 | D8: =IFERROR(IF(Calculations!D4=0,"",Calculations!E4),"") | E8: =IFERROR(IF(Calculations!D4<=1,"",Calculations!I4),"") | F8: =Calculations!D4 | G8: =IFERROR(IF(D8="","",MAX(1-D8/C8,0)),"") | H8: =IFERROR(IF(Calculations!D5=0,"",Calculations!E5),"") | I8: =IFERROR(IF(Calculations!D5<=1,"",Calculations!I5),"") | J8: =Calculations!D5 | K8: =IFERROR(IF(H8="","",MAX(1-H8/C8,0)),"") | L8: =IFERROR(IF(OR(G8="",K8=""),"",K8-G8),"") | M8: =IFERROR(IF(OR(G8="",K8="",G8=0),"",(K8-G8)/G8*100),"") | N8: =IF(AND(ISNUMBER(G8),ISNUMBER(K8)),IF(AND(ISNUMBER(E8),ISNUMBER(I8),C8<>0),IF(ABS(L8)<=(E8/C8+I8/C8)/2,"Stable",IF(L8>0,"Improving","Declining")),IF(L8>0,"Improving",IF(L8<0,"Declining","Stable"))),IF(AND(ISNUMBER(G8),NOT(ISNUMBER(K8))),"Opening only",IF(AND(NOT(ISNUMBER(G8)),ISNUMBER(K8)),"Closing only","Insufficient data"))) | O8: =F8&"/"&J8 | P8: =IF(OR(F8=0,J8=0),IF(MAX(F8,J8)>=5,"Good (one period)",IF(MAX(F8,J8)>=3,"Moderate (one period)","Limited (one period)")),IF(MIN(F8,J8)>=5,"Good",IF(MIN(F8,J8)>=3,"Moderate","Limited")))
A9: Coral Recruit Density | B9: per m2 | C9: =Reference_Levels!B4 | D9: =IFERROR(IF(Calculations!D6=0,"",Calculations!E6),"") | E9: =IFERROR(IF(Calculations!D6<=1,"",Calculations!I6),"") | F9: =Calculations!D6 | G9: =IFERROR(IF(D9="","",MIN(D9/C9,1)),"") | H9: =IFERROR(IF(Calculations!D7=0,"",Calculations!E7),"") | I9: =IFERROR(IF(Calculations!D7<=1,"",Calculations!I7),"") | J9: =Calculations!D7 | K9: =IFERROR(IF(H9="","",MIN(H9/C9,1)),"") | L9: =IFERROR(IF(OR(G9="",K9=""),"",K9-G9),"") | M9: =IFERROR(IF(OR(G9="",K9="",G9=0),"",(K9-G9)/G9*100),"") | N9: =IF(AND(ISNUMBER(G9),ISNUMBER(K9)),IF(AND(ISNUMBER(E9),ISNUMBER(I9),C9<>0),IF(ABS(L9)<=(E9/C9+I9/C9)/2,"Stable",IF(L9>0,"Improving","Declining")),IF(L9>0,"Improving",IF(L9<0,"Declining","Stable"))),IF(AND(ISNUMBER(G9),NOT(ISNUMBER(K9))),"Opening only",IF(AND(NOT(ISNUMBER(G9)),ISNUMBER(K9)),"Closing only","Insufficient data"))) | O9: =F9&"/"&J9 | P9: =IF(OR(F9=0,J9=0),IF(MAX(F9,J9)>=5,"Good (one period)",IF(MAX(F9,J9)>=3,"Moderate (one period)","Limited (one period)")),IF(MIN(F9,J9)>=5,"Good",IF(MIN(F9,J9)>=3,"Moderate","Limited")))
A10: Coral Diversity (Shannon H') | B10: index | C10: =Reference_Levels!B5 | D10: =IFERROR(IF(Calculations!D8=0,"",Calculations!E8),"") | E10: =IFERROR(IF(Calculations!D8<=1,"",Calculations!I8),"") | F10: =Calculations!D8 | G10: =IFERROR(IF(D10="","",MIN(D10/C10,1)),"") | H10: =IFERROR(IF(Calculations!D9=0,"",Calculations!E9),"") | I10: =IFERROR(IF(Calculations!D9<=1,"",Calculations!I9),"") | J10: =Calculations!D9 | K10: =IFERROR(IF(H10="","",MIN(H10/C10,1)),"") | L10: =IFERROR(IF(OR(G10="",K10=""),"",K10-G10),"") | M10: =IFERROR(IF(OR(G10="",K10="",G10=0),"",(K10-G10)/G10*100),"") | N10: =IF(AND(ISNUMBER(G10),ISNUMBER(K10)),IF(AND(ISNUMBER(E10),ISNUMBER(I10),C10<>0),IF(ABS(L10)<=(E10/C10+I10/C10)/2,"Stable",IF(L10>0,"Improving","Declining")),IF(L10>0,"Improving",IF(L10<0,"Declining","Stable"))),IF(AND(ISNUMBER(G10),NOT(ISNUMBER(K10))),"Opening only",IF(AND(NOT(ISNUMBER(G10)),ISNUMBER(K10)),"Closing only","Insufficient data"))) | O10: =F10&"/"&J10 | P10: =IF(OR(F10=0,J10=0),IF(MAX(F10,J10)>=5,"Good (one period)",IF(MAX(F10,J10)>=3,"Moderate (one period)","Limited (one period)")),IF(MIN(F10,J10)>=5,"Good",IF(MIN(F10,J10)>=3,"Moderate","Limited")))
A11: Reef Relief | B11: cm | C11: =Reference_Levels!B6 | D11: =IFERROR(IF(Calculations!D10=0,"",Calculations!E10),"") | E11: =IFERROR(IF(Calculations!D10<=1,"",Calculations!I10),"") | F11: =Calculations!D10 | G11: =IFERROR(IF(D11="","",MIN(D11/C11,1)),"") | H11: =IFERROR(IF(Calculations!D11=0,"",Calculations!E11),"") | I11: =IFERROR(IF(Calculations!D11<=1,"",Calculations!I11),"") | J11: =Calculations!D11 | K11: =IFERROR(IF(H11="","",MIN(H11/C11,1)),"") | L11: =IFERROR(IF(OR(G11="",K11=""),"",K11-G11),"") | M11: =IFERROR(IF(OR(G11="",K11="",G11=0),"",(K11-G11)/G11*100),"") | N11: =IF(AND(ISNUMBER(G11),ISNUMBER(K11)),IF(AND(ISNUMBER(E11),ISNUMBER(I11),C11<>0),IF(ABS(L11)<=(E11/C11+I11/C11)/2,"Stable",IF(L11>0,"Improving","Declining")),IF(L11>0,"Improving",IF(L11<0,"Declining","Stable"))),IF(AND(ISNUMBER(G11),NOT(ISNUMBER(K11))),"Opening only",IF(AND(NOT(ISNUMBER(G11)),ISNUMBER(K11)),"Closing only","Insufficient data"))) | O11: =F11&"/"&J11 | P11: =IF(OR(F11=0,J11=0),IF(MAX(F11,J11)>=5,"Good (one period)",IF(MAX(F11,J11)>=3,"Moderate (one period)","Limited (one period)")),IF(MIN(F11,J11)>=5,"Good",IF(MIN(F11,J11)>=3,"Moderate","Limited")))
